122	13	.env.example
156	0	.env.tp3.example
82	0	.env.tp4.example
1	1	.github/ISSUE_TEMPLATE/1_bug.md
4	0	.gitignore
412	69	CHANGELOG.md
56	2	Dockerfile
921	45	README.md
368	0	docs/ASTRA-PORT_REPORT.md
227	0	docs/DESIGN-apc-no-store.md
20	6	docs/DESIGN-apc-per-group-retention.md
126	0	docs/DESIGN-kv-capacity-log.md
94	0	docs/astra-acceptance.md
27	0	docs/astra-experiment-ledger.md
223	0	docs/astra-fix.md
164	0	docs/astra-results.md
325	0	docs/benchmarks/tp3-combined/matched-c1.json
138	0	docs/benchmarks/tp3-combined/mia-script.json
124	0	docs/benchmarks/tp3-combined/summary.json
34	0	docs/benchmarks/tp3-combined/validation.json
200	0	docs/cooperative-moe-handoff.md
245	0	docs/cooperative-moe-quickstart.md
109	0	docs/cooperative-moe.md
118	0	docs/diditfix.md
182	0	docs/exl3-sm121-kernel-lab.md
110	0	docs/images-per-request.md
148	0	docs/kda-bf16-large-m.md
1250	0	docs/ladder-final-2026-09-01.json
201	0	docs/licenses/Apache-2.0-FlashKDA.txt
187	0	docs/sm121-perf-paths.md
182	0	docs/tool-choice-none.md
188	0	docs/tp3-throughput-results.md
78	0	docs/uvm-livelock-gb10.md
97	0	examples/tp2-long-coding.env
32	0	examples/tp3-throughput.env
89	0	extensions/cooperative_moe/README.md
47	0	extensions/cooperative_moe/build.sh
108	0	extensions/cooperative_moe/microbench.py
21	0	extensions/cooperative_moe/native/LICENSE.exllamav3
109	0	extensions/cooperative_moe/native/cooperative_moe.cu
995	0	extensions/cooperative_moe/native/cooperative_moe_kernel.cuh
164	0	extensions/cooperative_moe/native/exl3_moe_coop.cuh
62	0	extensions/cooperative_moe/prepare_profile.py
459	0	extensions/cooperative_moe/runtime.py
406	0	extensions/cooperative_moe/test_cuda_integration.py
265	0	extensions/cooperative_moe/test_dispatch.py
78	0	extensions/cooperative_moe/test_optimized_init.py
107	0	extensions/cooperative_moe/test_profile.py
27	0	extensions/cooperative_moe/tp3/LICENSE.MIT
661	0	extensions/cooperative_moe/tp3/LICENSE.upstream-AGPL-3.0
38	0	extensions/cooperative_moe/tp3/PROVENANCE.json
69	0	extensions/cooperative_moe/tp3/README.md
36	0	extensions/cooperative_moe/tp3/build.sh
204	0	extensions/cooperative_moe/tp3/dispatch_policy.json
53	0	extensions/cooperative_moe/tp3/manifest.py
21	0	extensions/cooperative_moe/tp3/native/LICENSE.exllamav3
114	0	extensions/cooperative_moe/tp3/native/cooperative_moe.cu
996	0	extensions/cooperative_moe/tp3/native/cooperative_moe_kernel.cuh
20	0	extensions/cooperative_moe/tp3/native/dispatch.cu
164	0	extensions/cooperative_moe/tp3/native/exl3_moe_coop.cuh
44	0	extensions/cooperative_moe/tp3/prepare_profile.py
79	0	extensions/cooperative_moe/tp3/profile_shapes.py
547	0	extensions/cooperative_moe/tp3/runtime.py
48	0	extensions/cooperative_moe/tp3/sanitizer_smoke.py
81	0	extensions/cooperative_moe/tp3/select_policy.py
25	0	extensions/cooperative_moe/tp3/stage_bundle.py
113	0	extensions/cooperative_moe/tp3/test_contract.py
251	0	extensions/cooperative_moe/tp3/test_cuda_integration.py
290	0	extensions/cooperative_moe/tp3/test_dispatch.py
60	0	extensions/cooperative_moe/tp3/test_geometry2_sanitizer.py
57	0	extensions/cooperative_moe/tp3/test_policy_gpu.py
21	0	extensions/cooperative_moe/tp3/vendor/LICENSE.exllamav3
29	0	extensions/cooperative_moe/tp3/vendor/exllamav3_ext/compat.cuh
348	0	extensions/cooperative_moe/tp3/vendor/exllamav3_ext/ptx.cuh
165	0	extensions/cooperative_moe/tp3/vendor/exllamav3_ext/quant/codebook.cuh
293	0	extensions/cooperative_moe/tp3/vendor/exllamav3_ext/quant/exl3_dq.cuh
402	0	extensions/cooperative_moe/tp3/vendor/exllamav3_ext/quant/exl3_gemv_kernel.cuh
148	0	extensions/cooperative_moe/tp3/vendor/exllamav3_ext/quant/exl3_kernel_map.cuh
484	0	extensions/cooperative_moe/tp3/vendor/exllamav3_ext/quant/hadamard_inner.cuh
144	0	extensions/cooperative_moe/tp3/vendor/exllamav3_ext/util.cuh
138	0	extensions/cooperative_moe/tp3/vendor/exllamav3_ext/util.h
8	0	files/nfs-server/Dockerfile
30	0	files/nfs-server/entrypoint.sh
200	0	files/nfs-share.sh
118	0	kernel_lab/README.md
1	0	kernel_lab/__init__.py
21	0	kernel_lab/exl3/__init__.py
139	0	kernel_lab/exl3/abi.py
274	0	kernel_lab/exl3/backend.py
349	0	kernel_lab/exl3/benchmark.py
68	0	kernel_lab/exl3/interfaces.py
178	0	kernel_lab/exl3/receipts.py
231	0	kernel_lab/exl3/reference.py
121	0	kernel_lab/exl3/shapes.py
15	1	overlay/ablit_runtime.py
302	4	overlay/exl3.py
13	9	overlay/patch_adaptive_k.py
493	0	overlay/patch_apc_no_store.py
97	0	overlay/patch_cache_reset.py
151	0	overlay/patch_default_max_new_tokens.py
121	0	overlay/patch_exl3_decode_pipeline.py
329	0	overlay/patch_flashkda_tp3.py
215	169	overlay/patch_glm5_drafter_group.py
301	1	overlay/patch_hybrid_prefix_hit.py
619	0	overlay/patch_kv_capacity_log.py
163	0	overlay/patch_mamba_align_chunking.py
243	0	overlay/patch_mamba_align_state_free.py
1042	59	overlay/patch_scheduler_decode_floor.py
229	0	overlay/patch_sparse_mla_slice.py
102	0	overlay/patch_tool_choice_none.py
24	0	overlay/tp3/README.md
121	0	overlay/tp3/pad-tp3-config.py
65	0	overlay/tp3/patch_exl3_ep_shard.py
65	0	overlay/tp3/patch_exl3_expert_map.py
254	0	overlay/tp3/patch_tp3_glm.py
589	0	overlay/tp3/vllm/model_executor/layers/vocab_parallel_embedding.py
1594	0	overlay/tp3/vllm/model_executor/model_loader/weight_utils.py
638	0	overlay/tp3/vllm/model_executor/parameter.py
234	0	overlay/tp3/vllm/v1/attention/backends/mla/flashinfer_mla_sparse_sm120.py
39	18	scripts/boot-shape-warmup.sh
211	0	scripts/spark_doctor.sh
99	0	scripts/spec-accept-gate.sh
184	0	scripts/tool-choice-none-preflight.py
7	0	start-abliterated.sh
2461	0	start-tp3.sh
242	20	start-tp4.sh
773	79	start.sh
116	6	stop.sh
94	0	tests/_vllm_tp1.py
307	0	tests/bench_concurrency.py
94	10	tests/bench_decode.py
230	0	tests/bench_exl3_thin.py
280	0	tests/bench_kda_bf16_large_m.py
46	0	tests/bench_live.html
719	0	tests/bench_numerical_calibrated.py
9	7	tests/bench_prefix_cache.py
73	0	tests/bench_tp3_matched.py
123	0	tests/compare_thin_fast.py
129	0	tests/eval_coop_quality.py
196	0	tests/fixtures/flashinfer_mla_sparse_sm120-487ecf187.py.txt
653	0	tests/fixtures/kda-487ecf187.py.txt
72	0	tests/summarize_decode_receipts.py
37	0	tests/test_ablit_tp3_padding.py
298	0	tests/test_abliterated_preset.py
14	0	tests/test_adaptive_k_patch.py
1127	0	tests/test_apc_no_store.py
127	54	tests/test_apc_per_group_retention.py
24	0	tests/test_api_key_argv.py
34	0	tests/test_bench_tp3_matched.py
210	0	tests/test_boot_shape_warmup.py
254	33	tests/test_bringup_robustness.py
200	0	tests/test_cache_reset_endpoint.py
34	5	tests/test_dense_fp8_patch.py
856	0	tests/test_draft_kv_compact.py
437	0	tests/test_exl3_decode_pipeline.py
292	0	tests/test_exl3_kernel_lab.py
34	0	tests/test_exl3_routing.py
228	0	tests/test_exl3_thin_fast_gpu.py
72	0	tests/test_flashkda_tp3.py
396	0	tests/test_gen_defaults.py
4	0	tests/test_hybrid_prefix_hit.py
207	0	tests/test_instanttensor_kv_note.py
582	0	tests/test_kda_bf16_large_m.py
190	0	tests/test_kda_bf16_large_m_gpu.py
760	0	tests/test_kv_capacity_log.py
179	0	tests/test_launcher_extra_env.py
176	59	tests/test_launcher_rank_parity.py
241	0	tests/test_mamba_align_chunking.py
262	0	tests/test_mamba_align_state_free.py
45	5	tests/test_mixed_prefill_decode.py
46	6	tests/test_nccl_multi_hca.py
262	26	tests/test_numeric_config.py
263	0	tests/test_numerical_calibrated.py
78	0	tests/test_preflight_memory.py
497	39	tests/test_scheduler_decode_floor.py
242	0	tests/test_scheduler_decode_floor_restart.py
129	0	tests/test_spark_doctor.sh
218	0	tests/test_sparse_mla_slice.py
232	0	tests/test_spec_accept_gate.sh
58	3	tests/test_start_overrides.py
138	0	tests/test_tool_choice_none.py
419	0	tests/test_tool_concurrency.py
85	0	tests/test_tool_concurrency_unit.py
150	0	tests/test_tp3_contribution.py
2	2	tests/test_warm_restart_stdout.py
110	0	tests/test_worker_identity.py
2	2	tests/test_xgrammar_termination.py
